distance,time,angle,catch
29.792235774107308,5950,224.41323691792226,1
265.60603105061926,300,123.50036170848551,0
153.23589021356898,5650,216.13975821987938,0
202.92923992823214,3350,274.1956668428914,0
103.78710300861083,5600,322.39401618481753,0
275.5381832703591,1700,218.21890701069424,0
