distance,time,angle,catch
208.88009441830496,3200,312.1786375649965,0
257.8995039789918,5000,297.8178252042428,0
181.66256346446286,4600,42.44567754391333,0
51.571814901746485,2600,41.06411212383407,0
130.59299442190613,4850,165.2755333033848,0
244.7392918387599,300,169.23890705429642,0
93.24184952074899,3350,17.29814140226877,0
